<?xml version="1.0" encoding="UTF-8"?>
<project-private xmlns="http://www.netbeans.org/ns/project-private/1">
    <editor-bookmarks xmlns="http://www.netbeans.org/ns/editor-bookmarks/2" lastBookmarkId="0"/>
    <open-files xmlns="http://www.netbeans.org/ns/projectui-open-files/2">
        <group>
            <file>file:/C:/Users/Nikshipth%20Reddy/OneDrive/Documents/NetBeansProjects/Lab_3/src/ui/AccountManager/CreateAccountJPanel.java</file>
            <file>file:/C:/Users/Nikshipth%20Reddy/OneDrive/Documents/NetBeansProjects/Lab_3/src/model/Account.java</file>
            <file>file:/C:/Users/Nikshipth%20Reddy/OneDrive/Documents/NetBeansProjects/Lab_3/src/model/AccountDirectory.java</file>
            <file>file:/C:/Users/Nikshipth%20Reddy/OneDrive/Documents/NetBeansProjects/Lab_3/src/ui/MainJFrame.java</file>
            <file>file:/C:/Users/Nikshipth%20Reddy/OneDrive/Documents/NetBeansProjects/Lab_3/src/ui/AccountManager/AccountMngWorkAreaJPanel.java</file>
            <file>file:/C:/Users/Nikshipth%20Reddy/OneDrive/Documents/NetBeansProjects/Lab_3/src/ui/AccountManager/ManageAccountsJPanel.java</file>
            <file>file:/C:/Users/Nikshipth%20Reddy/OneDrive/Documents/NetBeansProjects/Lab_3/src/ui/AccountManager/ViewAccountJPanel.java</file>
        </group>
    </open-files>
</project-private>
